{
  "training_distributions": {
    "overall": {
      "mean": 0.8908016666101665,
      "std": 0.12706105526405775,
      "min": 0.4740629424059546,
      "max": 0.9628697972664979,
      "n": 12
    },
    "afv": {
      "mean": 0.8928464178464178,
      "std": 0.27131438482412396,
      "min": 0.0,
      "max": 1.0,
      "n": 12
    },
    "depth": {
      "mean": 0.9999000035578168,
      "std": 0.00012568646174618926,
      "min": 0.9995804959643105,
      "max": 1.0,
      "n": 12
    },
    "brand": {
      "mean": 0.7968192589660806,
      "std": 0.03230810658012743,
      "min": 0.7469498517781541,
      "max": 0.8764097573966259,
      "n": 12
    }
  },
  "frozen_thresholds": {
    "A": 0.8272711389781375,
    "B": 0.7002100837140799,
    "C": 0.573149028450022,
    "D": 0.4460879731859643
  },
  "validation_scores": {
    "overall": [
      0.7987621155190611
    ],
    "afv": [
      0.6923076923076923
    ],
    "depth": [
      1.0
    ],
    "brand": [
      0.7907455132686652
    ]
  },
  "perturbation_detection": {},
  "human_benchmark": null
}