{
  "A": 0.8272711389781375,
  "B": 0.7002100837140799,
  "C": 0.573149028450022,
  "D": 0.4460879731859643
}